{
  "total_PIM": 126441927779.4708,
  "total_devengado": 51794506272.39261,
  "avance_nacional_pct": 40.96,
  "total_saldo_paralizado": 74647421507.07819,
  "n_entidades": 500,
  "period": "2025-12"
}